question,response,retrieved_context,retrieve_time_sec,generate_time_sec,precision,recall,f1,correctness
What is the difference between technical and business quality? Explain why each is important.,"Technical quality focuses on the product's technical aspects, such as faults, failures, and timing, and is measured using mathematical expressions. It reflects the internal and external characteristics of the software, including the number and types of faults and failures, and how well the software functions from a technical perspective.

Business quality, on the other hand, considers the broader business value of the software and its impact on the products and services provided by the business. It includes factors like return on investment (ROI), customer satisfaction, competitive advantage, and the ability to meet business or societal problems within given resources such as time and money.

Both are important because technical quality ensures the software works correctly and reliably, which is essential for user satisfaction and maintainability. Business quality ensures that the software delivers value to the organization, justifying the investment and supporting business goals. Improving technical quality alone does not automatically translate into business value, so both perspectives must be considered.","[CHUNK #1]
[SECTION]: Why Software Engineering? > 1.3 What Is Good Software? > Quality in the Context of the Business Environment
[CONTENT]: When the focus of quality assessment is on products and processes, we usually measure quality with mathematical expressions involving faults, failures, and timing. Rarely is the scope broadened to include a business perspective, where quality is viewed in terms of the products and services being provided by the business in which the software is embedded. That is, we look at the technical value of our products, rather than more broadly at their business value, and we make decisions based only on the resulting products' technical quality. In other words, we assume that improving technical quality will automatically translate into business value.
Several researchers have taken a close look at the relationships between business value and technical value. For example, Simmons interviewed many Australian businesses  to  determine  how  they  make  their  information  technology-related  business decisions. She  proposes  a  framework  for  understanding  what  companies  mean  by 'business value' (Simmons 1996). In a report by Favaro and Pfleeger (1997), Steve Andriole, chief information officer for Cigna Corporation, a large U.S. insurance company, described how his company distinguishes technical value from business value:

[CHUNK #2]
[SECTION]: Evaluating Products, Processes, and Resources > 12.6 Evaluating Resources
[CONTENT]: Many researchers believe that the quality of our resources is a far more important factor  in  product  quality  than  any  technological  breakthroughs  we  may  make. For example, DeMarco and Lister (1987) discuss evidence that creativity, uninterrupted time, and good communication are necessary; they argue that cohesive teams build good products.
Similarly, Boehm's  COCOMO  models  (1981, 1995)  include  parameters  that adjust effort and schedule estimates based on staff attributes such as experience. His original research revealed that differences between high- and low-performance teams had  the  largest  influence  on  project  productivity. Thus, researchers  argue  that  we should focus more on people and less on technology.
At the same time, software is usually built in a business environment. We are given resources such as time and money and asked to solve a business or societal problem.We must be able to evaluate whether we are using the appropriate levels of each. In this section, we examine two frameworks for evaluating these kinds of resources: a people maturity model for staff and a return-on-investment model for time and money.

[CHUNK #3]
[SECTION]: Why Software Engineering? > 1.3 What Is Good Software? > The Quality of the Product
[CONTENT]: We can ask people to name the characteristics of software that contribute to its overall quality, but we are likely to get different answers from each person we ask. This difference occurs because the importance of the characteristics depends on who is analyzing the software. Users judge software to be of high quality if it does what they want in a way that is easy to learn and easy to use. However, sometimes quality and functionality are intertwined; if something is hard to learn or use but its functionality is worth the trouble, then it is still considered to have high quality.
We try  to  measure  software  quality  so  that  we  can  compare  one  product  with another. To do so, we identify those aspects of the system that contribute to its overall quality. Thus, when measuring software quality, users assess such external characteristics as the number of failures and type of failures. For example, they may define failures as minor,major,and catastrophic,and hope that any failures that occur are only minor ones.
The software must also be judged by those who are designing and writing the code and by those who must maintain the programs after they are written.These practitioners tend to look at internal characteristics of the products, sometimes even before the product is delivered to the user. In particular, practitioners often look at numbers and types of faults for evidence of a product's quality (or lack of it). For example, developers track the number of faults found in requirements, design, and code inspections and use them as indicators of the likely quality of the final product.
For this reason, we often build models to relate the user's external view to the developer's internal view of the software. Figure 1.5 is an example of an early quality model built by McCall and his colleagues to show how external quality factors (on the left-hand side) relate to product quality criteria (on the right-hand side). McCall associated each right-hand criterion with a measurement to indicate the degree to which an element of quality was addressed (McCall, Richards, and Walters 1977).We will examine several product quality models in Chapter 12.

[CHUNK #4]
[SECTION]: Why Software Engineering? > 1.3 What Is Good Software? > Quality in the Context of the Business Environment
[CONTENT]: The difference in views is disturbing, because it means that calculations of ROI cannot be compared across organizations. But there are good reasons for these differing views. Dollar savings from reduced schedule, higher quality, and increased productivity are returned to the government rather than the contractor. On the other hand, contractors are usually looking for a competitive edge and increased work capacity as well as greater profit; thus, the contractor's ROI is more effort- than cost-based. In particular, more accurate cost and schedule estimation can mean customer satisfaction and repeat business.And decreased time to market as well as improved product quality are perceived as offering business value, too.
[FIGURE 1.6 Terms included in industry definition of return on investment.] 
",11.435,3.355,0.9999999999,1.0,0.99999999995,N/A
What is software engineering and how does it fit into computer science?,"Software engineering is the discipline that uses knowledge of computers and computing to solve problems by designing and implementing software solutions. Unlike computer science, which may focus on studying computers, programming languages, hardware design, or theoretical aspects, software engineering views computers as tools to address general problems. It emphasizes solving the problem first and then using technology as a tool to implement the solution. Thus, software engineering fits into computer science as a practical application focused on creating high-quality, effective software systems rather than on the underlying theory or structure of computing.","[CHUNK #1]
[SECTION]: Why Software Engineering? > 1.1 What Is Software Engineering? > Where Does the Software Engineer Fit In?
[CONTENT]: To understand how a software engineer fits into the computer science world, let us look to another discipline for an example. Consider the study of chemistry and its use to solve problems. The chemist investigates chemicals: their structure, their interactions, and  the  theory  behind  their  behavior. Chemical  engineers  apply  the  results  of  the chemist's studies to a variety of problems. Chemistry as viewed by chemists is the object of study. On the other hand, for a chemical engineer, chemistry is a tool to be used to address a general problem (which may not even be 'chemical' in nature).
We can view computing in a similar light. We can concentrate on the computers and programming languages, or we can view them as tools to be used in designing and implementing a solution to a problem. Software engineering takes the latter view, as shown in  Figure  1.3. Instead  of  investigating  hardware  design  or  proving  theorems about how algorithms work,a software engineer focuses on the computer as a problemsolving tool. We will see later in this chapter that a software engineer works with the functions of a computer as part of a general solution, rather than with the structure or theory of the computer itself.

[CHUNK #2]
[SECTION]: Why Software Engineering? > 1.2 How Successful Have We Been?
[CONTENT]: Writing software is an art as well as a science, and it is important for you as a student of computer science to understand why. Computer scientists and software engineering researchers study computer mechanisms and theorize about how to make them more productive or efficient. However, they also design computer systems and write programs to perform tasks on those systems, a practice that involves a great deal of art, ingenuity, and skill. There may be many ways to perform a particular task on a particular system, but some are better than others. One way may be more efficient, more precise, easier to modify, easier to use, or easier to understand. Any hacker can write code to make something work, but it takes the skill and understanding of a professional software engineer to produce code that is robust, easy to understand and maintain, and does its job in the most efficient and effective way possible. Consequently, software engineering is about designing and developing high-quality software.
Before we examine what is needed to produce quality software systems,let us look back to see how successful we have been. Are users happy with their existing software systems? Yes and no. Software has enabled us to perform tasks more quickly and effectively than ever before. Consider life before word processing, spreadsheets, electronic mail, or sophisticated telephony, for example.And software has supported life-sustaining or life-saving advances in medicine, agriculture, transportation, and most other industries. In addition, software has enabled us to do things that were never imagined in the past: microsurgery, multimedia education, robotics, and more.
However, software is not without its problems. Often systems function, but not exactly as expected.We all have heard stories of systems that just barely work.And we all have written faulty programs: code that contains mistakes, but is good enough for a passing grade or for demonstrating the feasibility of an approach. Clearly, such behavior is not acceptable when developing a system for delivery to a customer.

[CHUNK #3]
[SECTION]: Why Software Engineering? > 1.1 What Is Software Engineering?
[CONTENT]: As software engineers, we use our knowledge of computers and computing to help solve problems. Often the problem with which we are dealing is related to a computer or an existing computer system, but sometimes the difficulties underlying the problem have nothing to do with computers.Therefore, it is essential that we first understand the nature of the problem. In particular, we must be very careful not to impose computing machinery or techniques on every problem that comes our way. We must solve the problem first. Then, if need be, we can use technology as a tool to implement our solution. For the remainder of this book, we assume that our analysis has shown that some kind of computer system is necessary or desirable to solve a particular problem at hand.

[CHUNK #4]
[SECTION]: The Future of Software Engineering > 14.4 The Professionalization Of Software Engineering: Licensing, Certification, And Ethics > Software Engineering Education
[CONTENT]: Historically, software engineering has been considered a relatively small aspect of computer science. At best, a university computer science curriculum included a course on software  engineering, usually  offered  in  the  junior  or  senior  year. At  the  least, it included several lectures on the meaning and intent of software engineering. With the increasing emphasis on software quality and security, and with the recent push to professionalize software developers, universities have increasingly viewed software engineering as a distinct academic discipline. There are now many ways in which a student can navigate through a university curriculum and end up with a software engineering education:
 - Specializing in software engineering as part of a computer science major
 - Specializing in software engineering as part of a computer engineering major
 - Specializing in software engineering as part of an engineering major
 - Majoring in software engineering as a separate degree from computer science or computer engineering As Table 14.6 shows, a software engineering program borrows from both computer science and engineering curricula. Computer science courses provide the technical  knowledge  and  expertise  needed  to  create  and  manipulate  software  artifacts: programming  principles; data  structures; algorithm  paradigms; programming  languages; grammars, parsing, and translation; concurrency and control structures; and the theoretical limits of computing. In addition, computer science and computer engineering courses cover key system components (e.g., computer architecture, operating system, middleware, networks)  and  key  software  components  (e.g., databases, user interfaces), and how the design and implementation of these components can affect the performance, usability, and quality of our software.

[CHUNK #5]
[SECTION]: The Future of Software Engineering > 14.5 Term Project
[CONTENT]: Your term project is completed. Consider the finished product from the point of view of technology transfer. How would you introduce the Loan Arranger to the loan analysts at FCO? Where do the loan analysts and their managers fit on the continuum of adoption described by Rogers? How does their classification suggest strategies for improving the user interface? training? support? product evolution?
",8.742,2.458,0.9999999999,1.0,0.99999999995,N/A
