question,response,retrieved_context,time_sec,precision,recall,f1,correctness
"Describe three software development life-cycle models. For each, name the main activities performed, and the inputs and outputs of each activity. For each give an example of the kind of software development project where the life-cycle model would be well-suited, and an example of where the life-cycle model would be inappropriate; explain why.","Based on the provided context, I **do not have enough information** to answer the question fully. The context explicitly details only one specific software development life-cycle model, the **Waterfall Model**. While it mentions other concepts such as **prototyping**, **reuse**, and a **behavioral model**, it does not provide the specific details requested (main activities, inputs and outputs for each activity, and examples of suitability/inappropriateness) for three distinct life-cycle models.

However, I can provide the information available in the context regarding the **Waterfall Model**:

*   **Model Name:** Waterfall Model.
*   **Main Activities:** The text outlines stages including requirements analysis and definitions, design, unit testing, integration testing, system testing, system delivery, and maintenance.
*   **Inputs and Outputs:**
    *   **Requirements Analysis:** Input is a statement of desired functions and features expressed by the user. Output is a set of requirements (and potentially a requirements document).
    *   **Unit and Integration Testing:** Output is ""code modules written, tested, and integrated"" (a copy of the tested code).
    *   **General:** Each activity involves constraints, outputs, and resources, producing intermediate and final products.
*   **Well-Suited Project:** Projects where it is useful to help developers lay out what they need to do, or where the process needs to be explained to customers who are not familiar with software development. It is useful when explicit intermediate products are necessary to begin the next stage.
*   **Inappropriate Project:** The text does not explicitly state where the Waterfall Model is inappropriate, though it notes that ""Many other, more complex models are really just embellishments of the waterfall,"" implying the Waterfall Model may lack necessary complexity for certain situations.

The context also mentions a **Layered Behavioral Model** (by Curtis, Krasner, and Iscoe), but this model focuses on perspectives (business milieu, company, project, team, individual) to understand behavioral factors affecting productivity and quality, rather than defining lifecycle activities and inputs/outputs. Additionally, **prototyping** and **reuse** are mentioned as processes that can occur within the design stage, but they are not described as full life-cycle models with the required details.","[CHUNK #1]
[SECTION]: Modeling the Process and Life Cycle > 2.1 The Meaning Of Process
[CONTENT]:  - unit testing
 - integration testing
 - system testing
 - system delivery
 - maintenance Each stage is itself a process (or collection of processes) that can be described as a set  of  activities. And  each  activity  involves  constraints, outputs, and  resources. For example, the requirements analysis and definitions stage need as initial input a statement of desired functions and features that the user expresses in some way. The final output from this stage is a set of requirements, but there may be intermediate products as the dialog between user and developer results in changes and alternatives. We have constraints, too, such as a budget and schedule for producing the requirements document, and standards about the kinds of requirements to include and perhaps the notation used to express them.
Each of these stages is addressed in this book. For each one, we will take a close look at the processes, resources, activities, and outputs that are involved, and we will learn how they contribute to the quality of the final product: useful software.There are many ways to address each stage of development;each configuration of activities, resources, and outputs constitutes a process, and a collection of processes describes what happens at each stage. For instance,design can involve a prototyping process,where many of the design decisions are explored so that developers can choose an appropriate approach, and a reuse process, where previously generated design components are included in the current design.
Each process can be described in a variety of ways, using text, pictures, or a combination. Software engineering researchers have suggested a variety of formats for such descriptions, usually organized as a model that contains key process features. For the remainder of this chapter, we examine a variety of software development process models, to see how organizing process activities can make development more effective.

[CHUNK #2]
[SECTION]: Modeling the Process and Life Cycle > 2.1 The Meaning Of Process
[CONTENT]: When we provide a service or create a product, whether it be developing software, writing  a  report, or  taking  a  business  trip, we  always  follow  a  sequence  of  steps  to accomplish a set of tasks.The tasks are usually performed in the same order each time; for example, you do not usually put up the drywall before the wiring for a house is installed or bake a cake before all the ingredients are mixed together.We can think of a set of ordered tasks as a process : a series of steps involving activities, constraints, and resources that produce an intended output of some kind.
A process usually involves a set of tools and techniques, as we defined them in Chapter 1.Any process has the following characteristics:
 - The process prescribes all of the major process activities.
 - The process uses resources, subject to a set of constraints (such as a schedule), and produces intermediate and final products.
 - The process may be composed of subprocesses that are linked in some way. The process may be defined as a hierarchy of processes, organized so that each subprocess has its own process model.
 - Each process activity has entry and exit criteria, so that we know when the activity begins and ends.
 - The activities are organized in a sequence, so that it is clear when one activity is performed relative to the other activities.
 - Every process has a set of guiding principles that explain the goals of each activity.
 - Constraints  or  controls  may  apply  to  an  activity, resource, or  product. For example, the budget or schedule may constrain the length of time an activity may take or a tool may limit the way in which a resource may be used.
When the process involves the building of some product, we sometimes refer to the process as a life cycle . Thus, the software development process is sometimes called the software life cycle , because it describes the life of a software product from its conception to its implementation, delivery, use, and maintenance.

[CHUNK #3]
[SECTION]: Modeling the Process and Life Cycle > 2.2 Software Process Models > Waterfall Model
[CONTENT]: The waterfall model has been used to prescribe software development activities in a variety of contexts. For example, it was the basis for software development deliverables in U.S. Department of Defense contracts for many years, defined in Department of Defense Standard 2167-A. Associated with each process activity were milestones and deliverables, so that project managers could use the model to gauge how close the project was to completion at a given point in time. For instance, 'unit and integration testing' in the waterfall ends with the milestone 'code modules written, tested, and integrated'; the intermediate deliverable is a copy of the tested code. Next, the code can be turned over to the system testers so it can be merged with other system components (hardware or software) and tested as a larger whole.
The waterfall model can be very useful in helping developers lay out what they need to do. Its simplicity makes it easy to explain to customers who are not familiar with software development; it makes explicit which intermediate products are necessary  in  order  to  begin  the  next  stage  of  development. Many  other, more  complex models are really just embellishments of the waterfall, incorporating feedback loops and extra activities.

[CHUNK #4]
[SECTION]: Modeling the Process and Life Cycle > 2.2 Software Process Models > SIDEBAR 2.3 COLLECTIONS OF PROCESS MODELS
[CONTENT]: W e saw in Sidebar 2.1 that the development process is a problem-solving activity, but few of  the  popular  process  models  include  problem  solving. Curtis, Krasner, and  Iscoe (1988) performed a field study of 17 large projects, to determine which problem-solving factors should be captured in process models to aid our understanding of software development. In particular, they looked at the behavioral and organizational factors that affect project outcomes. Their results suggest a layered behavioral model of software development, including five key perspectives: the business milieu, the company, the project, the team, and the individual. The individual view provides information about cognition and motivation, and project and team views tell us about group dynamics.The company and business milieu provide information  about  organizational  behavior  that  can  affect  both  productivity  and  quality. This model does not replace traditional process models; rather, it is orthogonal, supplementing the traditional  models  with  information  on  how  behavior  affects  the  creation  and  production activities.

[CHUNK #5]
[SECTION]: Modeling the Process and Life Cycle > 2.2 Software Process Models > SIDEBAR 2.3 COLLECTIONS OF PROCESS MODELS
[CONTENT]: As the developers and customers learn about the problem, they integrate their knowledge of domains, technology, and business to produce an appropriate solution. By viewing development as a collection of coordinating processes, we can see the effects of learning, technical  communication, customer  interaction, and  requirements  negotiation. Current  models that prescribe a series of development tasks 'provide no help in analyzing how much new information must be learned by the project staff, how discrepant requirements should be negotiated, how a design team can resolve architectural conflicts, and how these and similar factors contribute to a project's inherent uncertainty and risk' (Curtis, Krasner, and Iscoe 1988). However, when we include models of cognitive, social, and organizational processes, we begin to see the causes of bottlenecks and inefficiency. It is this insight that enables managers to understand and control the development process.And by aggregating behavior across layers of models, we can see how each model contributes to or compounds the effects of another model's factors.
No matter what process model is used, many activities are common to all. As we investigate software engineering in later chapters, we will examine each development activity to see what it involves and to find out what tools and techniques make us more effective and productive.

[CHUNK #6]
[SECTION]: Planning and Managing the Project > 3.14 Exercises
[CONTENT]:  - You are about to bake a two-layer birthday cake with icing. Describe the cake-baking project as a work breakdown structure. Generate an activity graph from that structure. What is the critical path?
 - Figure 3.23 is an activity graph for a software development project. The number corresponding to each edge of the graph indicates the number of days required to complete the activity represented by that branch. For example, it will take four days to complete the E activity that ends in milestone E. For each activity, list its precursors and compute the earliest start time, the latest start time, and the slack.Then, identify the critical path.
 - Figure 3.24 is an activity graph. Find the critical path.
 - On a software development project, what kinds of activities can be performed in parallel? Explain why the activity graph sometimes hides the interdependencies of these activities.
 - Describe  how  adding  personnel  to  a  project  that  is  behind  schedule  might  make  the project completion date even later.

[CHUNK #7]
[SECTION]: Planning and Managing the Project > 3.3 Effort Estimation > Finding the Model for Your Situation
[CONTENT]: Even when estimation models produce reasonably accurate estimates, we must be  able  to  understand  which  types  of  effort  are  needed  during  development. For example, designers may not be needed until the requirements analysts have finished developing the specification. Some effort and cost models use formulas based on past experience  to  apportion  the  effort  across  the  software  development  life  cycle. For instance, the  original  COCOMO  model  suggested  effort  required  by  development activity, based on percentages allotted to key process activities. But, as Figure 3.14 illustrates, researchers report conflicting values for these percentages (Brooks 1995; Yourdon 1982). Thus, when you are building your own database to support estimation in your organization, it is important to record not only how much effort is expended on a project, but also who is doing it and for what activity.
[FIGURE 3.14 Different reports of effort distribution.] 
",49.619,0.9999999999,1.0,0.99999999995,fail
What is the difference between static and dynamic modeling? Explain how each type of modeling is useful.,"Based on the provided context, here is the difference between static and dynamic modeling and their respective usefulness:

**Difference**
*   **Static Modeling:** Depicts the process, showing how inputs are transformed to outputs. It represents how the system is working **today** (Chunk #1, #5).
*   **Dynamic Modeling:** Enacts the process, showing how intermediate and final products are transformed **over time**. It represents how the system is **changing** into what it will eventually become (Chunk #1, #5).
*   **Relationship:** One view is not complete without the other; they must be viewed simultaneously (Chunk #1).

**Usefulness**
*   **Static Modeling:**
    *   Enables modeling any process at any level of detail (Chunk #2).
    *   Shows relationships among roles, activities, and artifacts (Chunk #2).
    *   Useful for organizing and depicting process information, such as user requirements (Chunk #6).
*   **Dynamic Modeling:**
    *   Enables **simulation** of the process to watch how resources and artifacts flow through activities (Chunk #4).
    *   Allows managers to make changes **before resources are actually expended** (Chunk #4).
    *   Helps decide on resource needs (e.g., number of testers), scheduling (e.g., when to initiate testing), and the impact of adding or excluding activities (e.g., code reviews) on effort and schedule (Chunk #4).
    *   Allows project managers to ""test out"" process choices before imposing them on developers (Chunk #4).","[CHUNK #1]
[SECTION]: Why Software Engineering? > 1.5 A Systems Approach > Interrelated Systems
[CONTENT]: Thus, system development can first incorporate a set of changes to an actual system and then add a series of changes to generate a complete design scheme, rather than trying to jump from present to future in one move. With such an approach, we must view the system in two different ways simultaneously: statically and dynamically. The static view tells us how the system is working today, whereas the dynamic view shows us how the system is changing into what it will eventually become. One view is not complete without the other.

[CHUNK #2]
[SECTION]: Modeling the Process and Life Cycle > 2.3 Tools And Techniques For Process Modeling > Static Modeling: Lai Notation
[CONTENT]: There are many ways to model a process statically. In the early 1990s, Lai (1991) developed a comprehensive process notation that is intended to enable someone to model any process at any level of detail. It builds on a paradigm where people perform roles while resources perform activities, leading to the production of artifacts. The process model shows the relationships among the roles, activities, and artifacts, and state tables show information about the completeness of each artifact at a given time.
In particular, the elements of a process are viewed in terms of seven types:
 - Activity: Something that will happen in a process. This element can be related to what  happens  before  and  after, what  resources  are  needed, what  triggers  the activity's start, what rules govern the activity, how to describe the algorithms and lessons learned, and how to relate the activity to the project team.
 - Sequence: The order of activities. The sequence can be described using triggers, programming constructs, transformations, ordering, or satisfaction of conditions.
 - Process model: A view of interest about the system. Thus, parts of the process may be represented as a separate model, either to predict process behavior or to examine certain characteristics.
 - Resource: A necessary item, tool, or person. Resources can include equipment, time, office space, people, techniques, and so on.The process model identifies how much of each resource is needed for each activity.
 - Control: An  external  influence  over  process  enactment. The  controls  may  be manual or automatic, human or mechanical.
 - Policy: A guiding principle. This high-level process constraint influences process enactment. It may include a prescribed development process, a tool that must be used, or a mandatory management style.
 - Organization: The hierarchical structure of process agents, with physical grouping corresponding to logical grouping and related roles. The mapping from physical to logical grouping should be flexible enough to reflect changes in physical environment.

[CHUNK #3]
[SECTION]: Modeling the Process and Life Cycle > 2.3 Tools And Techniques For Process Modeling > Dynamic Modeling: System Dynamics
[CONTENT]: The power of system dynamics is impressive, but this method should be used with caution. The simulated results depend on the quantified relationships, which are often heuristic or vague, not clearly based on empirical research. However, as we will see in later  chapters, a  historical  database  of  measurement  information  about  the  various aspects of development can help us gain confidence in our understanding of relationships, and thus in the results of dynamic models.
[FIGURE 2.14 Structure of software development (Abdel-Hamid 1996).] 

[CHUNK #4]
[SECTION]: Modeling the Process and Life Cycle > 2.3 Tools And Techniques For Process Modeling > Dynamic Modeling: System Dynamics
[CONTENT]: A desirable property of a process model is the ability to enact the process, so that we can watch what happens to resources and artifacts as activities occur. In other words, we want to describe a model of the process and then watch as software shows us how resources flow through activities to become outputs.This dynamic process view enables us  to  simulate  the  process  and  make  changes  before  the  resources  are  actually expended. For example, we can use a dynamic process model to help us decide how many testers we need or when we must initiate testing in order to finish on schedule. Similarly, we can include or exclude activities to see their effects on effort and schedule. For instance, we can add a code-review activity, making assumptions about how many faults we will find during the review, and determine whether reviewing shortens test time significantly.
There are several ways to build dynamic process models. The systems dynamics approach, introduced by Forrester in the 1950s, has been useful for simulating diverse processes, including  ecological, economic, and  political  systems  (Forrester  1991). Abdel-Hamid and Madnick have applied system dynamics to software development, enabling project managers to 'test out' their process choices before imposing them on developers (Abdel-Hamid 1989;Abdel-Hamid and Madnick 1991).
To see how system dynamics works, consider how the software development process affects productivity. We can build a descriptive model of the various activities that involve developers' time and then look at how changes in the model increase or decrease the time it takes to design, write, and test the code. First, we must determine which factors affect  overall  productivity. Figure  2.13 depicts Abdel-Hamid's understanding of these factors. The arrows indicate how changes in one factor affect changes in another. For example,if the fraction of experienced staff increases from one-quarter to one-half of the people assigned to the project, then we would expect the average potential productivity to increase, too. Similarly, the larger the staff (reflected in staff size), the more time is devoted to communication among project members (communication overhead).

[CHUNK #5]
[SECTION]: Modeling the Process and Life Cycle > 2.3 Tools And Techniques For Process Modeling
[CONTENT]: There are many choices for modeling tools and techniques, once you decide what you want to capture in your process model; we have seen several modeling approaches in our  model  depictions  in  the  preceding  section. The  appropriate  technique  for  you depends on your goals and your preferred work style. In particular, your choice for notation depends on what you want to capture in your model.The notations range from textual ones that express processes as functions, to graphical ones that depict processes as hierarchies of boxes and arrows, to combinations of pictures and text that link the graphical depiction to tables and functions elaborating on the high-level illustration. Many of the modeling notations can also be used for representing requirements and designs; we examine some of them in later chapters.
In this chapter, the notation is secondary to the type of model, and we focus on two major categories, static and dynamic. A static model depicts the process, showing that the inputs are transformed to outputs.A dynamic model enacts the process, so the user can see how intermediate and final products are transformed over time.

[CHUNK #6]
[SECTION]: Modeling the Process and Life Cycle > 2.3 Tools And Techniques For Process Modeling > Static Modeling: Lai Notation
[CONTENT]: [FIGURE 2.11 The process of starting a car (Lai 1991).] 
Transition diagrams supplement the process model by showing how the states are related to one another. For example, Figure 2.12 illustrates the transitions for a car.
Lai's notation is a good example of how multiple structures and strategies can be used to capture a great deal of information about the software development process. But it is also useful in organizing and depicting process information about user requirements, as the car example demonstrates.

[CHUNK #7]
[SECTION]: Modeling the Process and Life Cycle > 2.3 Tools And Techniques For Process Modeling > Dynamic Modeling: System Dynamics
[CONTENT]: Thus, the first  step  in  using  system  dynamics  is  to  identify  these  relationships, based on a combination of empirical evidence, research reports, and intuition.The next step is to quantify the relationships.The quantification can involve direct relationships, such  as  that  between  staff  size  and  communication. We  know  that  if n people  are assigned to a project, then there are n ( n -1)/2 potential pairs of people who must communicate and coordinate with one another. For some relationships, especially those that involve resources that change over time, we must assign distributions that describe the building up and diminishing of the resource. For example, it is rare for everyone on a project to begin work on the first day.The systems analysts begin, and coders join the project  once  the  significant  requirements  and  design  components  are  documented. Thus, the distribution describes the rise and fall (or even the fluctuation, such as availability around holidays or summer vacations) of the resources.
A system dynamics model can be extensive and complex. For example, AbdelHamid's software development model contains more than 100 causal links; Figure 2.14 shows an overview of the relationships he defined. He defined four major areas that affect productivity: software production, human resource management, planning, and control. Production  includes  issues  of  quality  assurance, learning, and  development rate. Human  resources  address  hiring, turnover, and  experience. Planning  concerns schedules and the pressures they cause, and control addresses progress measurement and the effort required to finish the project.
Because the number of links can be quite large, system dynamics models are supported by software that captures both the links and their quantitative descriptions and then simulates the overall process or some subprocess.
",30.6,0.9999999999,1.0,0.99999999995,pass
"Use the five desirable properties of process modeling tools and techniques identified by Curtis, Kellner and Over(1992) and presented in Section 2.4 of the textbook to evaluate one process modeling tool or technique. You may use an example from the book and/or consult outside sources.","Based on the provided context, here is an evaluation of the **Marvel/MSL process modeling approach** (Chunk #5) using the five desirable properties identified by Curtis, Kellner, and Over (1992) (Chunk #1).

**1. Facilitates human understanding and communication**
*   **Evaluation:** Partially Supported.
*   **Context Evidence:** The text notes that dividing the modeling problem into information and behavior makes the resulting model ""clear and concise"" (Chunk #5). However, it also notes that ""human-intensive"" activities are less easily modeled than computer-intensive ones, a lesson noted by Curtis and his colleagues (Chunk #5).

**2. Supports process improvement**
*   **Evaluation:** Supported.
*   **Context Evidence:** The simulation exercises led to ""significant process improvement without major investment in resources"" and allowed for ""early problem identification and resolution,"" such as uncovering missing task inputs or inefficiencies (Chunk #5).

**3. Supports process management**
*   **Evaluation:** Supported.
*   **Context Evidence:** During simulation, researchers ""collected timing and resource utilization data, providing the basis for analyzing likely process performance"" (Chunk #5). This aligns with measuring key process characteristics.

**4. Provides automated guidance in performing the process**
*   **Evaluation:** Supported.
*   **Context Evidence:** The process descriptions were used to generate ""process enactment environments,"" which implies a defined environment for the process (Chunk #5).

**5. Supports automated process execution**
*   **Evaluation:** Supported.
*   **Context Evidence:** Researchers ""simulated several scenarios"" and executed scenarios repeatedly to compare timings (Chunk #5). This demonstrates the ability to automate part of the process for simulation purposes.

**Conclusion**
According to the context, the Marvel/MSL approach satisfies most desirable properties, particularly in improvement, management, and execution via simulation. However, the text highlights a limitation regarding human-intensive activities, which impacts human understanding and communication (Chunk #5).

*Note: This evaluation uses only the information provided in the context chunks. Outside sources were not consulted per system instructions.*","[CHUNK #1]
[SECTION]: Modeling the Process and Life Cycle > 2.4 Practical Process Modeling > Desirable Properties of Process Modeling Tools and Techniques
[CONTENT]: There are many process modeling tools and techniques, and researchers continue to work to determine which ones are most appropriate for a given situation. But there are some characteristics that are helpful, regardless of technique. Curtis, Kellner, and Over (1992) have identified five categories of desirable properties:
 - Facilitates  human understanding and communication. The technique should be able to represent the process in a form that most customers and developers can understand, encouraging communication about the process and agreement on its form and improvements. The technique should include sufficient information to allow one or more people to actually perform the process.And the model or tool should form a basis for training.
 - Supports process improvement. The technique should identify the essential components of a development or maintenance process. It should allow reuse of processes or  subprocesses  on  subsequent  projects, compare  alternatives, and  estimate  the impact of changes before the process is actually put into practice. Similarly, the technique should assist in selecting tools and techniques for the process, in encouraging organizational learning, and in supporting continuing evolution of the process.
 - Supports  process  management. The  technique  should  allow  the  process  to  be project-specific. Then, developers and customers should be able to reason about attributes of software creation or evolution. The technique should also support planning and forecasting, monitoring and managing the process, and measuring key process characteristics.
 - Provides automated guidance in performing the process. The technique should define all or part of the software development environment, provide guidance and suggestions, and retain reusable process representations for later use.
 - Supports automated process execution. The technique should automate all or part of  the  process, support  cooperative work, capture relevant measurement data, and enforce rules to ensure process integrity.

[CHUNK #2]
[SECTION]: Modeling the Process and Life Cycle > 2.4 Practical Process Modeling > Desirable Properties of Process Modeling Tools and Techniques
[CONTENT]: These characteristics can act as useful guidelines for selecting a process modeling technique for your development project. Item 4 is especially important if your organization is attempting to standardize its process; tools can help prompt developers about what to do next and provide gateways and checkpoints to assure that an artifact meets certain standards before the next steps are taken. For example, a tool can check a set of code components, evaluating their size and structure. If size or structure exceeds predefined limits, the developers can be notified before testing begins, and some components may be reviewed and perhaps redesigned.

[CHUNK #3]
[SECTION]: Modeling the Process and Life Cycle > 2.11 Key References
[CONTENT]: As a result of the Fifth International Software Process Workshop,a working group chaired by Kellner formulated a standard problem, to be used to evaluate and compare some of the more popular process modeling techniques.The problem was designed to be complex enough so that it would test a technique's ability to include each of the following:
 - multiple levels of abstraction
 - control flow, sequencing, and constraints on sequencing

[CHUNK #4]
[SECTION]: Modeling the Process and Life Cycle > 2.3 Tools And Techniques For Process Modeling > SIDEBAR 2.4 PROCESS PROGRAMMING
[CONTENT]: I n the mid-1980s, Osterweil (1987) proposed that software engineering processes be specified using algorithmic descriptions. That is, if a process is well-understood, we should be able to write a program to describe the process, and then run the program to enact the process. The goal of process programming is to eliminate uncertainty, both by having enough understanding to write software to capture its essence, and by turning the process into a deterministic solution to the problem.
Were process programming possible, we could have management visibility into all process activities, automate all activities, and coordinate and change all activities with ease.Thus, process programs could form the basis of an automated environment to produce software.
However, Curtis, Krasner, Shen, and Iscoe (1987) point out that Osterweil's analogy to computer programming does not capture the inherent variability of the underlying development process.When a computer program is written, the programmer assumes that the implementation  environment  works  properly; the  operating  system, database  manager, and hardware are reliable and correct, so there is little variability in the computer's response to an instruction. But when a process program issues an instruction to a member of the project team, there is great variability in the way the task is executed and in the results produced. As we will see in Chapter 3, differences in skill, experience, work habits, understanding the customer's needs, and a host of other factors can increase variability dramatically. Curtis and his colleagues suggest that process programming be restricted only to those situations with minimal variability. Moreover, they point out that Osterweil's examples provide information only about  the  sequencing  of  tasks; the  process  program  does  not  help  to  warn  managers  of impending  problems. 'The  coordination  of  a  web  of  creative  intellectual  tasks  does  not appear to be improved greatly by current implementations of process programming, because the most important source of coordination is to ensure that all of the interacting agents share the same mental model of how the system should operate' (Curtis et al. 1987).

[CHUNK #5]
[SECTION]: Modeling the Process and Life Cycle > 2.4 Practical Process Modeling > Marvel Case Studies
[CONTENT]: For each model,the MSL process descriptions were used to generate 'process enactment environments,' resulting in a database populated with instances of the information model's classes. Then, researchers simulated several scenarios to verify that the models performed as expected. During the simulation, they collected timing and resource utilization data, providing the basis for analyzing likely process performance. By changing the rules  and  executing a scenario repeatedly, the timings were compared and contrasted, leading to significant process improvement without major investment in resources.
The modeling and simulation exercises were useful for early problem identification and resolution. For example, the software maintenance process definition uncovered three types of problems with the existing process documentation: missing task inputs and outputs, ambiguous input and output criteria, and inefficiency in the process definition. The signaling fault model simulation discovered inefficiencies in the separate descriptions of the workcenters.
Barghouti and his colleagues note the importance of dividing the process modeling problem into two pieces: modeling the information and modeling the behavior. By separating these concerns, the resulting model is clear and concise. They also point out that computer-intensive activities are more easily modeled than human-intensive ones, a lesson noted by Curtis and his colleagues, too.

[CHUNK #6]
[SECTION]: Modeling the Process and Life Cycle > 2.3 Tools And Techniques For Process Modeling > Static Modeling: Lai Notation
[CONTENT]: There are many ways to model a process statically. In the early 1990s, Lai (1991) developed a comprehensive process notation that is intended to enable someone to model any process at any level of detail. It builds on a paradigm where people perform roles while resources perform activities, leading to the production of artifacts. The process model shows the relationships among the roles, activities, and artifacts, and state tables show information about the completeness of each artifact at a given time.
In particular, the elements of a process are viewed in terms of seven types:
 - Activity: Something that will happen in a process. This element can be related to what  happens  before  and  after, what  resources  are  needed, what  triggers  the activity's start, what rules govern the activity, how to describe the algorithms and lessons learned, and how to relate the activity to the project team.
 - Sequence: The order of activities. The sequence can be described using triggers, programming constructs, transformations, ordering, or satisfaction of conditions.
 - Process model: A view of interest about the system. Thus, parts of the process may be represented as a separate model, either to predict process behavior or to examine certain characteristics.
 - Resource: A necessary item, tool, or person. Resources can include equipment, time, office space, people, techniques, and so on.The process model identifies how much of each resource is needed for each activity.
 - Control: An  external  influence  over  process  enactment. The  controls  may  be manual or automatic, human or mechanical.
 - Policy: A guiding principle. This high-level process constraint influences process enactment. It may include a prescribed development process, a tool that must be used, or a mandatory management style.
 - Organization: The hierarchical structure of process agents, with physical grouping corresponding to logical grouping and related roles. The mapping from physical to logical grouping should be flexible enough to reflect changes in physical environment.

[CHUNK #7]
[SECTION]: Modeling the Process and Life Cycle > 2.11 Key References > TABLE 2.3 ( continued )
[CONTENT]:  - iteration and feedback to earlier steps
 - user creativity
 - object and information management, as well as flow through the process
 - object structure, attributes, and interrelationships
 - organizational responsibility for specific tasks
 - physical communication mechanisms for information transfer
 - process measurements
 - temporal aspects (both absolute and relative)
 - tasks executed by humans
 - professional judgment or discretion
 - connection to narrative explanations
 - tasks invoked or executed by a tool
 - resource constraints and allocation, schedule determination
 - process modification and improvement
 - multiple levels of aggregation and parallelism Eighteen different process modeling techniques were applied to the common problem, and varying degrees of satisfaction were found with each one. The results are reported in Kellner and Rombach (1990).
Curtis, Kellner, and Over (1992) present a comprehensive survey of process modeling techniques and tools. The paper also summarizes basic language types and constructs and gives examples of process modeling approaches that use those language types.
Krasner et al. (1992) describe lessons learned when implementing a software process modeling system in a commercial environment.
Several Web sites contain information about process modeling.
 - The U.S. Software Engineering Institute (SEI) continues to investigate process modeling as part of its process improvement efforts.A list of its technical reports and activities can be found at http://www.sei.cmu.edu. The information at http:// www.sei.cmu.edu/collaborating/spins/ describes Software Process Improvement Networks, geographically-based groups of people interested in process improvement who often meet to hear speakers or discuss process-related issues.
 - The European Community has long sponsored research in process modeling and a process model language. Descriptions of current research projects are available at http://cordis.europa.eu/fp7/projects_en.html.
",114.88,0.9999999999,1.0,0.99999999995,pass
Describe the process you use to get to ready for class or work in the morning. Draw a diagram to capture the process.,"I don't have enough information to answer the question. The provided context discusses software development processes, modeling notations (such as UML, SADT, and MSL), and specific case studies (AT&T signaling network, Piccadilly Television advertising), but it does not contain information about a personal process for getting ready for class or work in the morning.","[CHUNK #1]
[SECTION]: Modeling the Process and Life Cycle > 2.12 Exercises
[CONTENT]:  - How  does  the  description  of  a  system  relate  to  the  notion  of  process  models?  For example, how do you decide what the boundary should be for the system described by a process model?
 - For each of the process models described in this chapter, what are the benefits and drawbacks of using the model?
 - For each of the process models described in this chapter, how does the model handle a significant change in requirements late in development?
 - Draw a diagram to capture the process of buying an airplane ticket for a business trip.
 - Draw a Lai artifact table to define a module. Make sure that you include artifact states that show the module when it is untested, partially tested, and completely tested.
 - Using the notation of your choice, draw a process diagram of a software development process that prototypes three different designs and choose the best from among them.
 - Examine the characteristics of good process models described in Section 2.4.Which characteristics are essential for processes to be used on projects where the problem and solution are not well understood?
 - In this chapter, we suggested that software development is a creation process, not a manufacturing  process. Discuss  the  characteristics  of  manufacturing  that  apply  to  software development and explain which characteristics of software development are more like a creative endeavor.
 - Should a development organization adopt a single process model for all of its software development? Discuss the pros and cons.
 - Suppose your contract with a customer specifies that you use a particular software development process. How can the work be monitored to enforce the use of this process?
 - Consider the processes introduced in this chapter. Which ones give you the most flexibility to change in reaction to changing requirements?

[CHUNK #2]
[SECTION]: Modeling the Process and Life Cycle > 2.3 Tools And Techniques For Process Modeling
[CONTENT]: There are many choices for modeling tools and techniques, once you decide what you want to capture in your process model; we have seen several modeling approaches in our  model  depictions  in  the  preceding  section. The  appropriate  technique  for  you depends on your goals and your preferred work style. In particular, your choice for notation depends on what you want to capture in your model.The notations range from textual ones that express processes as functions, to graphical ones that depict processes as hierarchies of boxes and arrows, to combinations of pictures and text that link the graphical depiction to tables and functions elaborating on the high-level illustration. Many of the modeling notations can also be used for representing requirements and designs; we examine some of them in later chapters.
In this chapter, the notation is secondary to the type of model, and we focus on two major categories, static and dynamic. A static model depicts the process, showing that the inputs are transformed to outputs.A dynamic model enacts the process, so the user can see how intermediate and final products are transformed over time.

[CHUNK #3]
[SECTION]: Modeling the Process and Life Cycle > 2.4 Practical Process Modeling > Marvel Case Studies
[CONTENT]: In both studies, the researchers used MSL, the Marvel Specification Language, to define the process, and then generated a Marvel process enactment environment for it (Kaiser, Feiler, and Popovich 1988; Barghouti and Kaiser 1991). MSL uses three main constructsclasses, rules, and tool envelopes-to produce a three-part process description:
 - a rule-based specification of process behavior
 - an object-oriented definition of the model's information process
 - a set of envelopes to interface between Marvel and external software tools used to execute the process.
The  first  case  study  involved  an  AT&T  call-processing  network  that  carried phone calls, and a separate signaling network responsible for routing the calls and balancing the network's load. Marvel was used to describe the Signaling Fault Resolution process that is responsible for detecting, servicing, and resolving problems with the signaling network.Workcenter 1 monitored the network, detected faults, and referred the fault to one of the two other workcenters. Workcenter 2 handled software or human faults that required detailed analysis, and Workcenter 3 dealt with hardware failures. Figure 2.15 depicts this process. Double dashed lines indicate which activity uses the tool or database represented by an oval.A rectangle is a task or activity, and a diamond is a decision.Arrows indicate the flow of control.As you can see, the figure provides an overview but is not detailed enough to capture essential process elements.
Consequently, each  of  the  entities  and  workcenters  is  modeled  using  MSL. Figure 2.16 illustrates how that is done. The upper half of the figure defines the class Class definition for trouble Rule for diagnosing TICKET,where a ticket represents the trouble ticket (or problem report) written whenever a failure occurs.As we will see in the chapters on testing, trouble tickets are used to track a problem from its occurrence to its resolution.The entire network was represented with 22 such MSL classes; all information created or required by a process was included.

[CHUNK #4]
[SECTION]: Capturing the Requirements > 4.5 Modeling Notations > Example: UML Class Diagrams
[CONTENT]: An ER notation is often used by more complex approaches. For example, the Unified Modeling Language (UML) (OMG 2003) is a collection of notations used to document software  specifications  and  designs. We  will  use  UML  extensively  in  Chapter  6 to describe object-oriented specifications and designs. Because UML was originally conceived  for  object-oriented  systems, it  represents  systems  in  terms  of  objects  and methods. Objects are akin to entities; they are organized in classes that have an inheritance hierarchy. Each object provides methods that perform actions on the object's variables. As  objects  execute, they  send  messages  to  invoke  each  other's  methods, acknowledge actions, and transmit data.
The flagship model in any UML specification is the class diagram , a sophisticated ER diagram relating the classes (entities) in the specification. Although most UML texts treat class diagrams primarily as a design notation, it is possible and convenient to use UML class diagrams as a conceptual modeling notation, in which classes represent real-world entities in the problem to be modeled. It may be that a class in the conceptual model, such as a Customer class, corresponds to a program class in the implementation, such  as  a  CustomerRecord, but  this  need  not  always  be  the  case. It  is  the software designer's task to take a class-diagram specification and construct a suitable design model of the implementation's class structure.
In general, the kinds of real-world entities that we would want to represent in a class diagram include actors (e.g., patrons, operators, personnel); complex data to be stored, analyzed, transformed, or displayed; or records of transient events (e.g., business  transactions, phone  conversations). The  entities  in  our  library  problem  include people, like the patrons and librarians; the items in the library's inventory, like books and periodicals; and loan transactions.

[CHUNK #5]
[SECTION]: Capturing the Requirements > 4.19 Exercises
[CONTENT]:  - Sometimes part of a system may be built quickly to demonstrate feasibility or functionality  to  a  customer. This prototype system is usually incomplete; the real system is constructed  after  the  customer  and  developer  evaluate  the  prototype. Should  the  system requirements document be written before or after a prototype is developed? Why?
 - Write a set of UML models (use-case diagram, MSC diagrams, class diagram) for an online telephone directory to replace the phonebook that is provided to you by your phone company.The directory should be able to provide phone numbers when presented with a name; it should also list area codes for different parts of the country and generate emergency telephone numbers for your area.
 - Draw data-flow diagrams to illustrate the functions and data flow for the on-line telephone directory system specified in the previous problem.
 - What are the benefits of separating functional flow from data flow?
 - What special kinds of problems are presented when specifying the requirements of realtime systems?
 - Contrast the benefits of an object-oriented requirements specification with those of a functional decomposition.
 - Write a Z specification for a presentation scheduling system.The system keeps a record of which presenters are to give presentations on which dates. No presenter should be scheduled to give more than one presentation. No more than four presentations should be scheduled for any particular date. There should be operations to Add and Remove presentations from the schedule, to Swap the dates of two presentations, to List the presentations scheduled for a particular date, to List the date on which a particular presenter is scheduled to speak, and to send a Reminder message to each presenter on the date of his or  her  presentation. You  may  define  any  additional  operations  that  help  simplify  the specification.

[CHUNK #6]
[SECTION]: Evaluating Products, Processes, and Resources > 12.5 Evaluating Processes > Process Maturity Models
[CONTENT]: The  process  is  repeatable  in  the  same  sense  that  a  subroutine  is  repeatable: proper inputs produce proper outputs, but there is no visibility into how the outputs are produced. Asked to define and describe the process, the development team can draw no more than a diagram similar to Figure 12.10.This figure shows a repeatable process as a simplified Structured Analysis and Design Technique (SADT) diagram, with input on the left, output on the right, constraints at the top, and resources on the bottom. For example, requirements may be input to the process, with the software system as output. The control arrow represents such items as schedule and budget, standards, and management directives, and the resources arrow can include tools and staff.
Control Since  it  is  possible  to  measure  only  what  is  visible, Figure  12.10 suggests  that project management measurements make the most sense for a repeatable process.That is, since  all  that  is  visible  are  the  arrows, we  can  associate  measurements  with  each arrow in the process diagram. Thus, for a repeatable process, measures of the input might include the size and volatility of the requirements. The output may be measured in terms of system size (functional or physical), the resources as overall staff effort, and the constraints as cost and schedule in dollars and days, respectively.

[CHUNK #7]
[SECTION]: Capturing the Requirements > 4.12 Information Systems Example
[CONTENT]: Recall that our Piccadilly example involves selling advertising time for the Piccadilly Television  franchise  area. We  can  use  several  specification  notations  to  model  the requirements related to buying and selling advertising time. Because this problem is an information system, we will use only notations that are data-oriented.
First, we can draw a use-case diagram to represent the key uses of the system, showing the expected users and the major functions that each user might initiate. A partial diagram might look like Figure 4.29. Notice that this high-level diagram captures the essential functionality of the system, but it shows nothing about the ways in which each of these use cases might succeed or fail; for example, a campaign request would fail if all of the commercial time was already sold.The diagram also shows nothing about the type of information that the system might input, process, or output. We need more information about each of the uses, to better understand the problem.
",61.683,0.9999999999,0.5,0.6666666666444444,fail
Explain the difference between prescriptive and descriptive process models. What is the purpose for each? When is it appropriate to use each?,"Based on the provided context, here is the explanation regarding prescriptive and descriptive process models:

**Difference**
*   **Prescriptive models:** These are prescriptions for the way software development **should** progress (Chunk #2).
*   **Descriptive models:** These are descriptions of the way software development is done in **actuality** (Chunk #2).

**Purpose**
*   The primary purpose of utilizing these models is to help the team understand the **gap between what should be and what is** (Chunk #2).
*   In the context of decision-making theories (which support process modeling), descriptive theories provide evidence about how decisions are actually made, while prescriptive theories provide frameworks and methods to help decision-makers improve their performance (Chunk #1).

**When to Use**
*   **Comparing Models:** It is appropriate to build and discuss process models to identify inconsistencies between the prescribed process and the actual process, helping to make the process more effective and focused (Chunk #2).
*   **Descriptive Models (Simulation):** Descriptive models (specifically dynamic models like system dynamics) are used to enact or simulate the process. This allows teams to watch how resources flow, test process choices, and make changes before resources are actually expended (Chunk #7).
*   **Prescriptive Models:** The context indicates these define the goals or standards the process should satisfy, such as building high-quality software or meeting budget constraints (Chunk #2).

The context does not provide specific scenarios for using one exclusively over the other, but rather emphasizes understanding the relationship between the two to improve the process.","[CHUNK #1]
[SECTION]: The Future of Software Engineering > 14.3 Decision-Making In Software Engineering > Lots of Decisions
[CONTENT]: Sometimes it seems as if software engineering is simply a string of pressured activities connected  by  decision-making  and  estimating. We  plan  our  projects  by  estimating resources and risk. We assess projects by deciding if our processes were effective, our resources appropriate, and our products satisfactory. To test our products, we weigh alternatives when we cannot test everything. And change requests and maintenance require evaluating alternative actions, estimating needed resources, and analyzing risk.
We need not make our decisions in a vacuum.There are theories that support our decision-making from two points of view: descriptive and prescriptive. Descriptive theories provide evidence about how decisions are actually made, while prescriptive theories provide frameworks and methods to help decision-makers improve their performance in problem-finding and problem-solving, given real constraints. Figure 14.3 illustrates how many other disciplines contribute information to our decision-making.
Often, our decision-making involves at least two distinct steps. First, we make our choices individually. We predict or infer, we assign value to the different alternatives, and we assess different approaches as we make up our minds. Second, we contribute our findings to a group decision process. For example, to estimate the effort required for building a particular kind of software, each of us may make our own prediction before combining estimates to get an idea of what the group predicts. Moreover, this 'group' may in fact be our projects, our organizations, or even our societies; each such decision has impact relative to the group it will reflect or affect.

[CHUNK #2]
[SECTION]: Modeling the Process and Life Cycle > 2.2 Software Process Models
[CONTENT]: Many process models are described in the software engineering literature. Some are prescriptions for  the  way  software  development  should  progress, and  others  are descriptions of the way software development is done in actuality. In theory, the two kinds of models should be similar or the same, but in practice, they are not. Building a process  model  and  discussing  its  subprocesses  help  the  team  understand  the  gap between what should be and what is.
There are several other reasons for modeling a process:
 - When a group writes down a description of its development process, it forms a common understanding of the activities, resources, and constraints involved in software development.
 - Creating  a  process  model  helps  the  development  team  find  inconsistencies, redundancies, and omissions in the process and in its constituent parts. As these problems  are  noted  and  corrected, the  process  becomes  more  effective  and focused on building the final product.
 - The model should reflect the goals of development, such as building high-quality software, finding faults early in development, and meeting required budget and schedule constraints. As the model is built, the development team evaluates candidate activities for their appropriateness in addressing these goals. For example, the team may include requirements reviews, so that problems with the requirements can be found and fixed before design begins.
 - Every process should be tailored for the special situation in which it will be used. Building a process model helps the development team understand where that tailoring is to occur.
Every  software  development  process  model  includes  system  requirements  as input and a delivered product as output. Many such models have been proposed over the years. Let us look at several of the most popular models to understand their commonalities and differences.

[CHUNK #3]
[SECTION]: Designing the Architecture > 5.1 The Design Process > Design Is a Creative Process
[CONTENT]: Sometimes, existing solutions cannot solve a problem satisfactorily; we need a novel  solution  that  requires innovative  design (Shaw  1990). In  contrast  to  routine design, the innovative design process is characterized by irregular bursts of progress that occur as we have flashes of insight. The only guidance we can use in innovative design is a set of basic design principles that are descriptive characteristics of good design, rather than prescriptive advice about how to design.As such, they are more useful  when  we  are  evaluating  and  comparing  design  alternatives  than  when  we  are designing. Nevertheless, we can use the principles during design to assess how well a particular design decision adheres to them. In the end, innovative design usually takes longer than routine design, because often there are stagnant periods between insights. Innovative designs must be more vigorously evaluated than routine designs, because they have no track record. Moreover, because such design evaluation is based more on expert judgment than on objective criteria, an innovative design should be examined by several senior designers before it is formally approved. In general, an innovative design should be superior to competing routine designs to justify the extra cost of its development and evaluation.

[CHUNK #4]
[SECTION]: Modeling the Process and Life Cycle > 2.3 Tools And Techniques For Process Modeling
[CONTENT]: There are many choices for modeling tools and techniques, once you decide what you want to capture in your process model; we have seen several modeling approaches in our  model  depictions  in  the  preceding  section. The  appropriate  technique  for  you depends on your goals and your preferred work style. In particular, your choice for notation depends on what you want to capture in your model.The notations range from textual ones that express processes as functions, to graphical ones that depict processes as hierarchies of boxes and arrows, to combinations of pictures and text that link the graphical depiction to tables and functions elaborating on the high-level illustration. Many of the modeling notations can also be used for representing requirements and designs; we examine some of them in later chapters.
In this chapter, the notation is secondary to the type of model, and we focus on two major categories, static and dynamic. A static model depicts the process, showing that the inputs are transformed to outputs.A dynamic model enacts the process, so the user can see how intermediate and final products are transformed over time.

[CHUNK #5]
[SECTION]: Modeling the Process and Life Cycle > 2.4 Practical Process Modeling > Desirable Properties of Process Modeling Tools and Techniques
[CONTENT]: There are many process modeling tools and techniques, and researchers continue to work to determine which ones are most appropriate for a given situation. But there are some characteristics that are helpful, regardless of technique. Curtis, Kellner, and Over (1992) have identified five categories of desirable properties:
 - Facilitates  human understanding and communication. The technique should be able to represent the process in a form that most customers and developers can understand, encouraging communication about the process and agreement on its form and improvements. The technique should include sufficient information to allow one or more people to actually perform the process.And the model or tool should form a basis for training.
 - Supports process improvement. The technique should identify the essential components of a development or maintenance process. It should allow reuse of processes or  subprocesses  on  subsequent  projects, compare  alternatives, and  estimate  the impact of changes before the process is actually put into practice. Similarly, the technique should assist in selecting tools and techniques for the process, in encouraging organizational learning, and in supporting continuing evolution of the process.
 - Supports  process  management. The  technique  should  allow  the  process  to  be project-specific. Then, developers and customers should be able to reason about attributes of software creation or evolution. The technique should also support planning and forecasting, monitoring and managing the process, and measuring key process characteristics.
 - Provides automated guidance in performing the process. The technique should define all or part of the software development environment, provide guidance and suggestions, and retain reusable process representations for later use.
 - Supports automated process execution. The technique should automate all or part of  the  process, support  cooperative work, capture relevant measurement data, and enforce rules to ensure process integrity.

[CHUNK #6]
[SECTION]: Modeling the Process and Life Cycle > 2.1 The Meaning Of Process
[CONTENT]: Processes are important because they impose consistency and structure on a set of activities. These characteristics are useful when we know how to do something well and we want to ensure that others do it the same way. For example, if Sam is a good bricklayer, he may write down a description of the bricklaying process he uses so that Sara can learn how to do it as well. He may take into account the differences in the way people prefer to do things; for instance, he may write his instructions so that Sara can lay bricks whether she is right- or left-handed. Similarly, a software development process can be described in flexible ways that allow people to design and build software using  preferred  techniques  and  tools; a  process  model  may  require  design  to  occur before coding, but may allow many different design techniques to be used. For this reason, the process helps to maintain a level of consistency and quality in products or services that are produced by many different people.
A process is more than a procedure.We saw in Chapter 1 that a procedure is like a recipe: a structured way of combining tools and techniques to produce a product. A process is a collection of procedures, organized so that we build products to satisfy a set of goals or standards. In fact, the process may suggest that we choose from several procedures, as long as the goal we are addressing is met. For instance, the process may require that we check our design components before coding begins. The checking can be done using informal reviews or formal inspections, each an activity with its own procedure, but both addressing the same goal.
The process structure guides our actions by allowing us to examine, understand, control, and improve the activities that comprise the process. To see how, consider the process of making chocolate cake with chocolate icing.The process may contain several procedures, such as buying the ingredients and finding the appropriate cooking utensils.

[CHUNK #7]
[SECTION]: Modeling the Process and Life Cycle > 2.3 Tools And Techniques For Process Modeling > Dynamic Modeling: System Dynamics
[CONTENT]: A desirable property of a process model is the ability to enact the process, so that we can watch what happens to resources and artifacts as activities occur. In other words, we want to describe a model of the process and then watch as software shows us how resources flow through activities to become outputs.This dynamic process view enables us  to  simulate  the  process  and  make  changes  before  the  resources  are  actually expended. For example, we can use a dynamic process model to help us decide how many testers we need or when we must initiate testing in order to finish on schedule. Similarly, we can include or exclude activities to see their effects on effort and schedule. For instance, we can add a code-review activity, making assumptions about how many faults we will find during the review, and determine whether reviewing shortens test time significantly.
There are several ways to build dynamic process models. The systems dynamics approach, introduced by Forrester in the 1950s, has been useful for simulating diverse processes, including  ecological, economic, and  political  systems  (Forrester  1991). Abdel-Hamid and Madnick have applied system dynamics to software development, enabling project managers to 'test out' their process choices before imposing them on developers (Abdel-Hamid 1989;Abdel-Hamid and Madnick 1991).
To see how system dynamics works, consider how the software development process affects productivity. We can build a descriptive model of the various activities that involve developers' time and then look at how changes in the model increase or decrease the time it takes to design, write, and test the code. First, we must determine which factors affect  overall  productivity. Figure  2.13 depicts Abdel-Hamid's understanding of these factors. The arrows indicate how changes in one factor affect changes in another. For example,if the fraction of experienced staff increases from one-quarter to one-half of the people assigned to the project, then we would expect the average potential productivity to increase, too. Similarly, the larger the staff (reflected in staff size), the more time is devoted to communication among project members (communication overhead).
",82.93,0.9999999999,1.0,0.99999999995,fail
